[
{
"id": 0, 
"response": "No.", 
"type": "negative"
}, 
{
"id": 1, 
"response": "My response is no", 
"type": "negative"
}, 
{
"id": 2, 
"response": "Very doubtful", 
"type": "negative"
},
{
"id": 3, 
"response": "Outlook is not so good", 
"type": "negative"
},
{
"id": 4, 
"response": "My sources is no", 
"type": "negative"
},
{
"id": 5, 
"response": "Hard no", 
"type": "negative"
},
{
"id": 6, 
"response": "I cannot predict now", 
"type": "neutral"
},
{
"id": 7, 
"response": "Better not tell you now", 
"type": "neutral"
},
{
"id": 8, 
"response": "Concentrate and ask again", 
"type": "neutral"
},
{
"id": 9, 
"response": "Ask again", 
"type": "neutral"
},
{
"id": 10, 
"response": "Cannot predict now", 
"type": "neutral"
},
{
"id": 11, 
"response": "It is certain", 
"type": "positive"
},
{
"id": 12,
"response": "Without a doubt", 
"type": "positive"
},
{
"id": 13, 
"response": "Definitely yes", 
"type": "positive"
},
{
"id": 14, 
"response": "Yes", 
"type": "positive"
},
{
"id": 15, 
"response": "It is certain", 
"type": "positive"
},
{
"id": 16, 
"response": "Most likely", 
"type": "positive"
},
{
"id": 17, 
"response": "Outlook good", 
"type": "positive"
},
{
"id": 18, 
"response": "My senses say yes", 
"type": "positive"
},
{
"id": 19, 
"response": "As I see it yes", 
"type": "positive"
},
{
"id": 20, 
"response": "It is decidedly so", 
"type": "positive"
},
{
"id": 21, 
"response": "You may rely on it", 
"type": "positive"
},
{
"id": 22, 
"response": "Hard yes", 
"type": "positive"
}
] 